  # frame#    Prot_CA   Prot_Backbone  Prot_Sidechain  Prot_All_Heavy Lig_wrt_Protein  Lig_wrt_Ligand
         0      0.000           0.000           0.000           0.000           0.000           0.000
         1      0.988           1.024           1.772           1.299           1.485           0.744
         2      1.119           1.150           2.006           1.484           1.914           0.780
         3      1.174           1.191           2.262           1.651           1.385           0.989
         4      1.208           1.218           2.347           1.727           1.516           0.906
         5      1.268           1.291           2.420           1.777           1.527           0.466
         6      1.424           1.456           2.568           1.950           1.328           0.665
         7      1.312           1.366           2.559           1.907           1.178           0.571
         8      1.417           1.471           2.608           1.960           1.665           0.990
         9      1.494           1.534           2.698           2.040           1.679           0.788
        10      1.694           1.717           2.806           2.157           1.820           0.577
        11      1.537           1.533           2.727           2.048           1.803           0.915
        12      1.543           1.541           2.723           2.051           1.628           0.813
        13      1.669           1.674           2.929           2.220           2.245           1.515
        14      1.678           1.707           2.899           2.222           2.003           0.910
        15      1.634           1.631           2.836           2.166           1.747           0.659
        16      1.731           1.734           2.911           2.257           1.951           0.925
        17      1.654           1.694           2.839           2.201           2.116           1.038
        18      1.510           1.543           2.714           2.080           1.789           1.041
        19      1.559           1.587           2.922           2.232           2.085           0.739
        20      1.726           1.749           3.067           2.396           2.424           0.820
        21      1.749           1.771           3.050           2.372           2.041           0.663
        22      1.588           1.618           2.875           2.217           2.382           0.768
        23      1.686           1.716           2.980           2.303           2.420           0.750
        24      1.617           1.647           2.876           2.209           2.091           0.914
        25      1.696           1.723           2.996           2.303           2.111           0.913
        26      1.599           1.626           2.867           2.202           2.416           0.730
        27      1.688           1.710           2.985           2.301           2.292           0.812
        28      1.537           1.570           2.983           2.265           2.684           0.591
        29      1.591           1.631           3.045           2.296           2.886           0.835
        30      1.713           1.744           3.067           2.370           3.061           1.166
        31      1.586           1.608           3.057           2.320           3.210           0.940
        32      1.688           1.708           3.008           2.317           2.954           1.030
        33      1.680           1.706           3.064           2.343           2.995           1.393
        34      1.658           1.683           3.026           2.297           2.946           0.875
        35      1.656           1.691           3.074           2.329           2.480           0.867
        36      1.684           1.718           3.012           2.326           2.683           1.121
        37      1.578           1.591           3.054           2.287           2.160           0.962
        38      1.665           1.673           3.061           2.343           2.080           0.851
        39      1.620           1.641           3.051           2.314           2.256           1.032
        40      1.631           1.641           3.059           2.343           2.237           0.910
        41      1.778           1.772           3.150           2.431           2.422           0.621
        42      1.774           1.771           3.197           2.455           2.092           0.629
        43      1.691           1.713           3.128           2.397           2.941           1.470
        44      1.676           1.689           3.109           2.371           2.705           1.316
        45      1.780           1.788           3.202           2.474           3.134           1.358
        46      1.778           1.794           3.208           2.482           3.363           1.134
        47      1.640           1.660           3.102           2.359           2.617           0.818
        48      1.663           1.687           3.149           2.411           2.899           0.781
        49      1.606           1.609           3.159           2.389           3.456           1.283
        50      1.716           1.721           3.300           2.522           3.133           1.000
        51      1.643           1.652           3.192           2.416           3.506           1.036
        52      1.791           1.796           3.276           2.526           2.646           0.811
        53      1.641           1.643           3.190           2.416           2.810           0.873
        54      1.714           1.737           3.219           2.473           2.715           1.046
        55      1.665           1.677           3.175           2.425           2.650           1.316
        56      1.814           1.813           3.251           2.527           2.253           1.260
        57      1.814           1.827           3.322           2.571           2.814           1.011
        58      1.904           1.918           3.307           2.593           2.831           1.437
        59      1.641           1.669           3.058           2.322           2.907           1.371
        60      1.787           1.827           3.197           2.483           3.378           1.481
        61      1.783           1.810           3.216           2.480           2.817           1.443
        62      1.938           1.950           3.351           2.623           3.728           1.487
        63      1.838           1.868           3.308           2.576           3.846           1.655
        64      1.702           1.729           3.148           2.423           3.684           1.834
        65      1.767           1.774           3.130           2.432           3.643           1.610
        66      1.756           1.765           3.155           2.440           3.135           1.489
        67      1.724           1.754           3.141           2.424           3.544           1.675
        68      1.685           1.696           3.065           2.340           3.533           1.515
        69      1.685           1.692           2.996           2.298           3.925           1.777
        70      1.659           1.681           3.064           2.329           3.457           1.492
        71      1.768           1.788           3.110           2.403           3.433           1.710
        72      1.705           1.712           2.914           2.263           3.378           1.586
        73      1.721           1.746           3.015           2.340           3.210           1.467
        74      1.784           1.811           3.056           2.378           3.337           1.578
        75      1.599           1.632           2.987           2.272           3.157           1.639
        76      1.657           1.682           2.988           2.299           3.187           1.543
        77      1.783           1.799           3.137           2.399           3.507           1.642
        78      1.701           1.718           3.056           2.332           3.129           1.607
        79      1.779           1.795           3.049           2.356           3.678           1.615
        80      1.759           1.798           3.055           2.362           3.377           1.531
        81      1.715           1.754           3.081           2.372           3.814           1.562
        82      1.619           1.636           2.960           2.253           3.443           1.521
        83      1.670           1.704           2.981           2.290           3.248           1.550
        84      1.792           1.838           3.195           2.478           3.278           1.418
        85      1.801           1.853           3.144           2.472           3.542           1.481
        86      1.918           1.952           3.198           2.550           3.749           1.606
        87      1.833           1.853           3.085           2.452           3.446           1.663
        88      1.861           1.890           3.162           2.492           3.421           1.488
        89      1.826           1.855           3.076           2.418           3.535           1.657
        90      1.777           1.800           3.059           2.378           3.646           1.624
        91      1.875           1.910           3.169           2.488           3.475           1.575
        92      1.889           1.936           3.152           2.495           3.397           1.669
        93      1.842           1.865           3.154           2.464           3.544           1.595
        94      1.800           1.825           3.068           2.396           3.063           1.274
        95      1.780           1.806           3.070           2.381           3.256           1.580
        96      1.655           1.675           2.898           2.232           3.136           1.241
        97      1.596           1.615           2.891           2.208           3.067           1.478
        98      1.724           1.754           3.012           2.330           3.333           1.678
        99      1.789           1.808           3.079           2.392           3.086           1.408
       100      1.782           1.803           3.064           2.373           3.677           1.410
       101      1.719           1.746           3.008           2.323           3.629           1.453
       102      1.750           1.765           3.087           2.368           3.647           1.548
       103      1.711           1.723           3.082           2.357           3.621           1.382
       104      1.717           1.740           3.065           2.346           3.363           1.440
       105      1.805           1.818           3.178           2.452           3.421           1.541
       106      1.778           1.791           3.186           2.431           3.705           1.429
       107      1.804           1.811           3.202           2.460           3.446           1.453
       108      1.700           1.728           3.108           2.368           3.396           1.476
       109      1.788           1.814           3.152           2.435           3.691           1.749
       110      1.717           1.766           3.032           2.350           3.255           1.418
       111      1.708           1.737           3.048           2.337           3.138           1.555
       112      1.656           1.693           3.041           2.315           3.505           1.719
       113      1.689           1.716           3.095           2.378           3.746           1.702
       114      1.671           1.698           3.064           2.351           3.455           1.531
       115      1.703           1.717           3.098           2.376           3.482           1.514
       116      1.681           1.720           3.056           2.341           3.606           1.583
       117      1.724           1.743           3.104           2.383           3.451           1.598
       118      1.640           1.679           3.052           2.328           3.201           1.531
       119      1.733           1.749           3.137           2.406           3.464           1.416
       120      1.699           1.717           3.136           2.413           3.367           1.733
       121      1.591           1.617           3.072           2.319           3.433           1.570
       122      1.605           1.622           3.105           2.350           3.449           1.542
       123      1.597           1.632           3.052           2.343           3.361           1.607
       124      1.650           1.687           3.028           2.326           3.193           1.491
       125      1.644           1.674           3.078           2.366           3.015           1.535
       126      1.582           1.604           3.135           2.383           3.233           1.532
       127      1.589           1.621           3.075           2.355           2.992           1.382
       128      1.744           1.775           3.224           2.493           3.070           1.451
       129      1.737           1.756           3.223           2.504           3.434           1.439
       130      1.763           1.793           3.244           2.524           3.407           1.324
       131      1.690           1.736           3.200           2.461           3.540           1.588
       132      1.832           1.889           3.296           2.596           3.405           1.376
       133      1.732           1.789           3.164           2.454           3.479           1.628
       134      1.802           1.841           3.248           2.516           3.608           1.412
       135      1.872           1.919           3.255           2.534           3.388           1.567
       136      1.882           1.916           3.238           2.523           3.737           1.657
       137      1.845           1.889           3.212           2.505           3.252           1.635
       138      1.642           1.679           3.130           2.374           3.580           1.471
       139      1.843           1.896           3.193           2.519           3.643           1.667
       140      1.856           1.906           3.222           2.524           3.359           1.362
       141      1.855           1.912           3.142           2.479           3.088           1.612
       142      1.885           1.924           3.185           2.522           3.657           1.270
       143      1.669           1.722           3.028           2.331           3.352           1.607
       144      1.771           1.813           3.180           2.459           3.598           1.557
       145      1.729           1.773           3.072           2.358           3.588           1.444
       146      1.734           1.745           3.122           2.391           3.417           1.637
       147      1.888           1.902           3.239           2.536           3.242           1.430
       148      1.881           1.872           3.291           2.524           3.361           1.655
       149      1.865           1.875           3.196           2.491           3.746           1.462
       150      1.942           1.956           3.315           2.597           3.351           1.550
       151      1.946           1.964           3.369           2.635           3.728           1.389
       152      1.815           1.843           3.176           2.445           3.575           1.566
       153      1.818           1.838           3.210           2.479           3.268           1.697
       154      1.991           2.001           3.324           2.603           3.132           1.312
       155      1.997           2.024           3.267           2.588           2.899           1.461
       156      1.950           1.967           3.311           2.580           3.299           1.668
       157      2.033           2.038           3.304           2.606           3.597           1.583
       158      2.033           2.049           3.315           2.610           3.341           1.365
       159      1.962           1.976           3.244           2.549           3.121           1.477
       160      1.949           1.962           3.339           2.599           3.194           1.428
       161      1.974           1.987           3.313           2.587           3.191           1.634
       162      1.999           2.026           3.303           2.615           3.153           1.599
       163      1.954           1.971           3.271           2.569           3.272           1.465
       164      1.913           1.922           3.218           2.521           3.275           1.298
       165      2.006           2.014           3.318           2.617           3.520           1.687
       166      2.047           2.074           3.357           2.658           3.387           1.508
       167      1.993           2.002           3.306           2.609           3.582           1.624
       168      1.942           1.952           3.307           2.589           3.576           1.594
       169      2.049           2.070           3.363           2.668           3.986           1.619
       170      1.940           1.964           3.297           2.595           3.241           1.524
       171      1.921           1.935           3.209           2.517           3.585           1.600
       172      1.988           1.999           3.285           2.581           3.095           1.428
       173      1.936           1.939           3.336           2.599           3.004           1.430
       174      1.908           1.907           3.329           2.579           3.666           1.660
       175      1.959           1.964           3.327           2.597           3.877           1.675
       176      1.888           1.899           3.327           2.563           3.704           1.672
       177      1.857           1.869           3.260           2.505           3.235           1.395
       178      2.077           2.081           3.375           2.665           3.310           1.700
       179      1.970           1.987           3.302           2.576           3.789           1.504
       180      2.072           2.081           3.420           2.708           3.861           1.720
       181      2.050           2.051           3.374           2.682           3.620           1.610
       182      2.000           2.018           3.424           2.674           3.769           1.694
       183      1.957           1.965           3.233           2.536           3.525           1.739
       184      2.028           2.057           3.208           2.570           2.642           0.927
       185      2.051           2.078           3.217           2.584           3.514           1.431
       186      1.933           1.962           3.116           2.484           3.811           1.630
       187      1.801           1.817           3.165           2.456           3.561           1.738
       188      2.073           2.083           3.376           2.709           3.833           1.677
       189      1.941           1.963           3.241           2.554           3.729           1.633
       190      1.932           1.935           3.288           2.595           3.584           1.732
       191      1.986           2.003           3.296           2.609           3.501           1.613
       192      2.089           2.084           3.572           2.829           3.410           1.378
       193      2.072           2.070           3.516           2.788           3.322           1.636
       194      2.136           2.129           3.570           2.836           2.964           1.271
       195      2.169           2.165           3.545           2.844           3.594           1.492
       196      2.170           2.173           3.579           2.861           3.546           1.511
       197      2.141           2.154           3.561           2.820           3.657           1.420
       198      2.019           2.039           3.447           2.676           3.423           1.627
       199      2.003           2.015           3.433           2.678           3.794           1.627
       200      1.993           1.997           3.378           2.612           4.148           1.501
       201      2.024           2.015           3.398           2.647           3.847           1.488
       202      2.120           2.121           3.469           2.740           3.696           1.538
       203      1.998           1.993           3.320           2.580           3.318           1.537
       204      2.061           2.065           3.330           2.622           3.512           1.548
       205      1.976           1.958           3.398           2.623           3.298           1.461
       206      1.895           1.893           3.234           2.481           3.427           1.355
       207      2.034           2.027           3.418           2.671           3.259           1.412
       208      2.029           2.034           3.413           2.654           3.438           1.669
       209      2.030           2.036           3.414           2.657           3.584           1.797
       210      2.043           2.049           3.391           2.662           3.280           1.540
       211      1.990           1.983           3.345           2.592           3.650           1.568
       212      2.106           2.083           3.437           2.690           3.819           1.588
       213      2.102           2.077           3.451           2.711           3.307           1.453
       214      1.987           1.973           3.343           2.601           3.303           1.717
       215      2.045           2.024           3.363           2.629           3.071           1.643
       216      2.017           2.021           3.382           2.633           3.661           1.508
       217      2.023           2.012           3.386           2.647           3.094           1.526
       218      2.022           2.020           3.333           2.615           3.587           1.498
       219      1.951           1.961           3.285           2.568           3.571           1.670
       220      1.907           1.931           3.176           2.490           3.518           1.630
       221      1.855           1.868           3.224           2.495           3.229           1.563
       222      1.874           1.900           3.205           2.500           3.387           1.297
       223      1.848           1.847           3.154           2.418           3.436           1.515
       224      1.776           1.789           3.176           2.423           3.397           1.284
       225      1.939           1.969           3.242           2.546           3.026           1.214
       226      1.868           1.880           3.250           2.498           3.266           1.532
       227      1.815           1.839           3.259           2.497           3.929           1.681
       228      1.891           1.911           3.266           2.500           3.389           1.553
       229      1.985           2.012           3.341           2.607           3.908           1.569
       230      1.933           1.962           3.289           2.567           3.902           1.439
       231      2.016           2.029           3.313           2.578           3.853           1.596
       232      1.975           1.988           3.314           2.570           3.709           1.643
       233      2.219           2.211           3.431           2.747           4.155           1.640
       234      2.155           2.160           3.372           2.687           4.060           1.481
       235      2.152           2.163           3.394           2.692           4.484           1.376
       236      2.096           2.097           3.426           2.693           4.355           1.745
       237      2.033           2.061           3.356           2.648           4.751           1.462
       238      1.966           1.995           3.381           2.636           4.571           1.363
       239      2.035           2.047           3.476           2.715           4.919           1.657
       240      2.038           2.041           3.444           2.700           4.831           1.446
       241      2.144           2.160           3.437           2.730           4.710           1.257
       242      2.181           2.181           3.442           2.753           4.763           1.561
       243      2.136           2.134           3.506           2.775           4.845           1.597
       244      2.315           2.320           3.667           2.948           4.493           1.606
       245      2.092           2.105           3.429           2.718           4.667           1.613
       246      2.089           2.107           3.463           2.733           4.437           1.731
       247      1.983           2.014           3.476           2.714           4.380           1.659
       248      2.106           2.134           3.455           2.757           3.996           1.579
       249      2.187           2.190           3.538           2.815           4.302           1.591
       250      2.134           2.147           3.470           2.760           4.316           1.491
       251      2.115           2.125           3.514           2.765           3.629           1.515
       252      1.958           1.981           3.378           2.651           4.230           1.668
       253      2.101           2.119           3.526           2.784           3.865           1.699
       254      2.128           2.141           3.585           2.836           4.188           1.678
       255      2.019           2.036           3.426           2.688           4.209           1.504
       256      2.050           2.062           3.500           2.757           4.130           1.646
       257      1.952           1.962           3.445           2.695           4.100           1.493
       258      2.095           2.102           3.602           2.825           4.498           1.499
       259      2.068           2.062           3.559           2.779           4.130           1.586
       260      2.152           2.156           3.549           2.801           4.125           1.503
       261      2.105           2.112           3.478           2.756           4.320           1.569
       262      2.045           2.074           3.365           2.670           4.209           1.444
       263      1.990           1.993           3.281           2.572           4.442           1.676
       264      1.978           2.007           3.268           2.575           4.592           1.597
       265      2.086           2.093           3.337           2.624           4.772           1.602
       266      2.068           2.072           3.257           2.562           4.301           1.648
       267      2.164           2.178           3.488           2.752           4.304           1.553
       268      2.171           2.176           3.463           2.701           4.343           1.546
       269      2.234           2.262           3.586           2.837           4.317           1.633
       270      2.233           2.257           3.503           2.772           4.014           1.633
       271      2.061           2.096           3.454           2.690           4.214           1.581
       272      2.230           2.256           3.579           2.839           4.067           1.495
       273      2.214           2.253           3.476           2.778           4.205           1.545
       274      2.103           2.145           3.447           2.691           4.181           1.623
       275      2.142           2.181           3.481           2.756           4.495           1.579
       276      2.157           2.214           3.522           2.803           3.833           1.664
       277      2.157           2.194           3.496           2.772           4.156           1.646
       278      2.245           2.260           3.609           2.866           4.195           1.487
       279      2.244           2.274           3.566           2.848           4.122           1.581
       280      2.192           2.209           3.527           2.802           3.969           1.506
       281      2.153           2.164           3.521           2.782           3.672           1.627
       282      2.266           2.267           3.617           2.858           3.450           1.442
       283      2.083           2.086           3.454           2.678           3.882           1.557
       284      2.239           2.258           3.486           2.771           3.721           1.668
       285      2.272           2.294           3.588           2.842           4.345           1.623
       286      2.155           2.203           3.571           2.805           3.793           1.406
       287      2.189           2.212           3.541           2.809           4.358           1.529
       288      2.251           2.275           3.644           2.897           4.263           1.581
       289      2.266           2.275           3.663           2.893           3.815           1.637
       290      2.241           2.258           3.626           2.851           4.321           1.504
       291      2.104           2.122           3.499           2.730           4.459           1.520
       292      2.196           2.219           3.501           2.772           4.003           1.749
       293      2.273           2.291           3.454           2.780           4.585           1.440
       294      2.278           2.304           3.541           2.818           4.313           1.745
       295      2.171           2.181           3.597           2.799           4.151           1.558
       296      2.403           2.433           3.722           2.966           4.340           1.772
       297      2.289           2.305           3.677           2.898           4.582           1.510
       298      2.179           2.190           3.545           2.781           4.390           1.708
       299      2.262           2.274           3.635           2.867           4.297           1.647
       300      2.210           2.242           3.624           2.833           4.284           1.587
       301      2.246           2.274           3.593           2.844           4.579           1.667
       302      2.219           2.241           3.590           2.832           4.760           1.660
       303      2.345           2.366           3.677           2.923           4.449           1.599
       304      2.322           2.346           3.697           2.926           4.694           1.666
       305      2.238           2.244           3.591           2.836           4.623           1.617
       306      2.280           2.280           3.661           2.886           4.479           1.536
       307      2.187           2.206           3.638           2.848           4.530           1.444
       308      2.329           2.337           3.747           2.955           4.444           1.470
       309      2.493           2.507           3.846           3.079           4.759           1.710
       310      2.399           2.413           3.757           3.000           4.748           1.612
       311      2.337           2.365           3.688           2.949           4.877           1.729
       312      2.320           2.340           3.547           2.826           4.487           1.759
       313      2.466           2.481           3.671           2.953           4.629           1.649
       314      2.300           2.320           3.582           2.834           4.477           1.682
       315      2.401           2.412           3.669           2.926           4.422           1.612
       316      2.192           2.206           3.462           2.708           4.972           1.538
       317      2.371           2.395           3.698           2.959           4.726           1.674
       318      2.440           2.466           3.712           2.991           5.408           1.435
       319      2.286           2.306           3.629           2.881           4.716           1.508
       320      2.154           2.162           3.565           2.785           4.815           1.439
       321      2.194           2.210           3.632           2.835           4.412           1.620
       322      2.320           2.335           3.685           2.924           4.824           1.607
       323      2.246           2.258           3.664           2.867           5.284           1.572
       324      2.267           2.278           3.543           2.800           4.462           1.747
       325      2.142           2.150           3.552           2.758           4.325           1.390
       326      2.254           2.252           3.593           2.828           4.263           1.484
       327      2.167           2.170           3.578           2.775           3.924           1.490
       328      2.225           2.255           3.567           2.820           4.545           1.478
       329      2.189           2.237           3.509           2.768           4.559           1.664
       330      2.216           2.264           3.464           2.754           4.430           1.468
       331      2.171           2.217           3.478           2.745           4.627           1.549
       332      2.149           2.195           3.463           2.724           4.405           1.672
       333      2.250           2.256           3.539           2.796           5.177           1.337
       334      2.135           2.128           3.470           2.703           5.151           1.629
       335      2.110           2.103           3.396           2.673           5.402           1.744
       336      2.050           2.056           3.397           2.631           5.179           1.723
       337      2.186           2.177           3.478           2.736           5.163           1.514
       338      2.038           2.040           3.428           2.649           4.810           1.723
       339      2.038           2.041           3.476           2.682           4.935           1.495
       340      2.140           2.153           3.511           2.740           4.815           1.490
       341      2.135           2.154           3.472           2.718           5.195           1.494
       342      2.150           2.154           3.565           2.794           4.911           1.631
       343      2.210           2.219           3.490           2.767           5.060           1.655
       344      2.098           2.121           3.452           2.699           4.557           1.713
       345      2.067           2.062           3.448           2.679           5.084           1.577
       346      2.000           2.027           3.338           2.595           4.801           1.604
       347      2.093           2.112           3.455           2.700           4.466           1.510
       348      2.365           2.393           3.672           2.944           5.081           1.680
       349      2.127           2.146           3.512           2.735           4.877           1.644
       350      2.039           2.052           3.437           2.652           4.591           1.426
       351      2.039           2.077           3.447           2.662           5.051           1.640
       352      2.140           2.152           3.432           2.706           4.586           1.529
       353      2.112           2.155           3.404           2.688           4.826           1.611
       354      2.166           2.177           3.506           2.747           5.194           1.647
       355      2.024           2.057           3.407           2.661           4.909           1.650
       356      2.084           2.108           3.414           2.684           4.836           1.702
       357      2.137           2.144           3.448           2.713           4.884           1.821
       358      2.119           2.145           3.469           2.716           4.818           1.670
       359      2.142           2.139           3.483           2.696           5.172           1.607
       360      2.128           2.148           3.479           2.722           4.898           1.573
       361      2.068           2.082           3.465           2.676           4.684           1.653
       362      2.079           2.084           3.453           2.656           4.400           1.678
       363      2.133           2.153           3.456           2.687           4.450           1.343
       364      2.072           2.074           3.423           2.656           4.576           1.698
       365      2.180           2.179           3.453           2.708           4.351           1.555
       366      2.077           2.073           3.465           2.667           4.468           1.695
       367      2.088           2.117           3.429           2.674           4.609           1.636
       368      2.046           2.045           3.447           2.674           4.522           1.686
       369      1.911           1.908           3.338           2.544           4.216           1.657
       370      2.089           2.111           3.389           2.658           4.326           1.760
       371      2.037           2.040           3.394           2.627           4.334           1.457
       372      2.105           2.113           3.435           2.674           4.392           1.436
       373      2.142           2.165           3.379           2.685           4.474           1.704
       374      2.134           2.138           3.451           2.705           4.816           1.724
       375      2.083           2.113           3.303           2.616           4.766           1.575
       376      2.139           2.156           3.399           2.688           4.251           1.610
       377      2.115           2.133           3.388           2.682           4.611           1.752
       378      2.124           2.128           3.438           2.701           4.111           1.610
       379      2.207           2.222           3.486           2.736           4.351           1.492
       380      2.099           2.122           3.544           2.746           4.494           1.647
       381      2.139           2.158           3.598           2.792           4.795           1.514
       382      2.221           2.223           3.600           2.823           4.104           1.569
       383      2.047           2.062           3.475           2.691           4.635           1.599
       384      2.112           2.131           3.417           2.694           4.557           1.588
       385      2.155           2.172           3.572           2.806           4.453           1.613
       386      2.169           2.217           3.541           2.820           4.163           1.773
       387      2.075           2.088           3.453           2.705           4.237           1.579
       388      2.096           2.126           3.532           2.759           4.277           1.645
       389      2.091           2.096           3.426           2.684           4.474           1.639
       390      2.211           2.219           3.494           2.784           4.497           1.702
       391      2.150           2.167           3.435           2.714           4.003           1.615
       392      2.280           2.277           3.573           2.856           4.200           1.566
       393      2.196           2.229           3.519           2.803           4.357           1.412
       394      2.053           2.071           3.504           2.713           4.710           1.635
       395      2.008           2.042           3.460           2.689           4.687           1.553
       396      2.081           2.099           3.504           2.737           4.715           1.347
       397      2.140           2.160           3.456           2.722           4.133           1.349
       398      2.274           2.293           3.642           2.888           4.709           1.309
       399      2.171           2.194           3.547           2.790           3.747           1.096
       400      2.272           2.299           3.620           2.880           5.388           1.344
       401      2.281           2.306           3.649           2.900           6.195           1.343
       402      2.207           2.229           3.580           2.840           5.728           1.339
       403      2.259           2.260           3.654           2.882           5.668           0.604
       404      2.456           2.481           3.704           3.001           5.476           1.687
       405      2.285           2.316           3.587           2.885           5.163           1.598
       406      2.247           2.261           3.618           2.888           5.156           1.611
       407      2.311           2.313           3.574           2.878           5.276           1.526
       408      2.314           2.331           3.604           2.918           5.124           1.547
       409      2.217           2.234           3.541           2.831           5.034           0.850
       410      2.128           2.131           3.526           2.778           4.572           0.972
       411      2.123           2.137           3.479           2.745           4.592           0.861
       412      2.289           2.287           3.543           2.843           4.928           0.522
       413      2.425           2.422           3.656           2.959           5.122           0.457
       414      2.373           2.373           3.647           2.934           4.905           0.509
       415      2.315           2.331           3.638           2.912           4.744           0.638
       416      2.252           2.267           3.552           2.824           4.583           1.122
       417      2.272           2.270           3.558           2.823           4.646           1.486
       418      2.223           2.232           3.587           2.833           4.814           0.594
       419      2.116           2.109           3.507           2.733           4.872           1.024
       420      2.259           2.255           3.600           2.865           5.233           0.745
       421      2.170           2.166           3.640           2.838           5.286           0.750
       422      2.224           2.216           3.538           2.802           4.721           0.876
       423      2.302           2.289           3.581           2.872           5.302           0.682
       424      2.155           2.158           3.564           2.803           4.757           1.696
       425      2.213           2.208           3.554           2.831           4.855           0.791
       426      2.230           2.222           3.588           2.852           5.091           0.767
       427      2.314           2.307           3.612           2.912           5.003           0.713
       428      2.210           2.201           3.591           2.837           5.023           0.873
       429      2.205           2.207           3.553           2.839           4.998           1.040
       430      2.156           2.156           3.632           2.862           4.312           0.714
       431      2.240           2.242           3.587           2.861           4.559           0.846
       432      2.257           2.249           3.597           2.884           4.412           0.954
       433      2.198           2.190           3.586           2.845           4.603           0.667
       434      2.253           2.242           3.611           2.877           4.965           0.945
       435      2.243           2.233           3.686           2.910           4.269           0.744
       436      2.310           2.288           3.714           2.939           4.399           0.827
       437      2.215           2.204           3.598           2.836           4.758           0.778
       438      2.388           2.372           3.672           2.964           4.919           0.757
       439      2.156           2.134           3.638           2.841           4.283           0.823
       440      2.150           2.141           3.555           2.809           4.742           0.906
       441      2.029           2.024           3.506           2.731           4.472           0.846
       442      2.141           2.130           3.521           2.763           4.840           0.985
       443      2.149           2.160           3.592           2.830           4.696           0.696
       444      2.143           2.163           3.533           2.798           4.472           0.929
       445      2.178           2.187           3.441           2.753           4.480           0.692
       446      2.101           2.106           3.491           2.748           4.484           0.867
       447      2.136           2.143           3.552           2.810           4.393           0.663
       448      2.090           2.104           3.550           2.792           4.384           0.621
       449      2.130           2.143           3.461           2.761           4.538           1.410
       450      2.068           2.069           3.536           2.749           5.012           1.506
       451      2.161           2.162           3.529           2.811           3.702           1.366
       452      2.288           2.277           3.590           2.885           4.095           1.768
       453      2.225           2.223           3.643           2.894           4.362           0.907
       454      2.231           2.230           3.590           2.874           4.088           0.957
       455      2.241           2.240           3.625           2.890           4.263           1.087
       456      2.177           2.159           3.591           2.824           3.954           1.101
       457      2.093           2.076           3.582           2.774           5.302           1.328
       458      2.335           2.320           3.704           2.944           5.605           1.642
       459      2.276           2.259           3.640           2.891           5.371           1.583
       460      2.417           2.400           3.692           2.979           5.409           1.664
       461      2.350           2.342           3.682           2.965           5.216           1.448
       462      2.286           2.278           3.680           2.921           6.124           1.353
       463      2.376           2.384           3.749           3.028           5.748           1.651
       464      2.200           2.196           3.612           2.844           5.900           1.510
       465      2.320           2.293           3.725           2.956           5.049           1.602
       466      2.340           2.344           3.656           2.953           3.810           1.448
       467      2.244           2.251           3.632           2.885           3.781           1.406
       468      2.274           2.280           3.719           2.965           4.253           1.508
       469      2.410           2.401           3.848           3.064           3.995           1.179
       470      2.339           2.322           3.752           2.971           5.298           1.656
       471      2.496           2.478           3.841           3.103           5.325           1.487
       472      2.423           2.407           3.793           3.038           4.651           1.503
       473      2.494           2.506           3.881           3.144           5.656           1.098
       474      2.429           2.422           3.776           3.059           5.892           1.319
       475      2.349           2.343           3.760           3.014           4.934           0.981
       476      2.384           2.372           3.839           3.054           4.758           1.558
       477      2.311           2.310           3.826           3.047           4.361           1.563
       478      2.274           2.271           3.846           3.020           5.720           1.637
       479      2.376           2.377           3.828           3.064           5.254           1.819
       480      2.289           2.277           3.797           3.000           5.559           1.650
       481      2.320           2.301           3.748           2.979           4.698           1.597
       482      2.271           2.259           3.808           2.996           5.353           1.589
       483      2.327           2.322           3.824           3.039           4.851           1.326
       484      2.369           2.350           3.881           3.078           4.783           1.451
       485      2.290           2.267           3.851           3.044           4.586           1.537
       486      2.321           2.307           3.796           3.005           5.160           1.397
       487      2.345           2.316           3.869           3.057           4.972           1.563
       488      2.301           2.289           3.819           3.006           4.969           1.506
       489      2.338           2.327           3.880           3.054           4.521           1.509
       490      2.451           2.428           3.836           3.059           4.777           1.547
       491      2.322           2.302           3.826           3.021           4.061           1.420
       492      2.417           2.407           3.868           3.091           4.099           1.531
       493      2.537           2.510           3.969           3.184           4.229           1.497
       494      2.461           2.437           3.810           3.075           4.356           0.601
       495      2.521           2.495           3.778           3.080           4.788           0.950
       496      2.337           2.334           3.833           3.048           4.190           0.776
       497      2.417           2.405           3.759           3.022           4.598           0.458
       498      2.446           2.441           3.789           3.057           4.150           1.657
       499      2.330           2.324           3.864           3.058           4.221           0.819
       500      2.433           2.418           3.757           3.023           4.782           0.958
       501      2.333           2.327           3.701           2.956           4.272           0.744
       502      2.351           2.356           3.784           3.015           4.086           0.945
       503      2.366           2.359           3.760           2.994           4.316           0.976
       504      2.332           2.322           3.752           2.983           4.216           0.615
       505      2.490           2.469           3.867           3.114           4.296           0.606
       506      2.251           2.245           3.687           2.916           4.115           0.552
       507      2.340           2.330           3.828           3.041           4.471           0.639
       508      2.299           2.286           3.679           2.935           4.250           0.755
       509      2.423           2.422           3.822           3.059           4.765           0.804
       510      2.386           2.378           3.798           3.047           4.138           0.440
       511      2.322           2.312           3.807           3.012           4.791           0.791
       512      2.296           2.287           3.744           2.962           3.835           1.016
       513      2.254           2.240           3.712           2.919           3.469           0.619
       514      2.282           2.263           3.735           2.940           4.891           0.716
       515      2.267           2.263           3.718           2.939           3.654           0.597
       516      2.339           2.326           3.723           2.949           3.771           0.540
       517      2.315           2.308           3.692           2.916           4.128           0.728
       518      2.303           2.289           3.790           2.973           3.979           0.986
       519      2.251           2.228           3.639           2.849           3.730           0.977
       520      2.469           2.451           3.801           3.045           3.101           0.825
       521      2.252           2.241           3.639           2.874           4.435           0.998
       522      2.268           2.251           3.641           2.869           4.616           0.692
       523      2.176           2.160           3.672           2.839           4.381           0.992
       524      2.266           2.254           3.643           2.865           4.521           0.760
       525      2.220           2.216           3.558           2.806           4.213           0.952
       526      2.282           2.274           3.620           2.871           4.737           0.683
       527      2.204           2.186           3.701           2.876           4.613           0.671
       528      2.141           2.129           3.537           2.758           4.775           0.708
       529      2.205           2.193           3.689           2.879           5.119           0.826
       530      2.261           2.236           3.719           2.906           4.762           0.891
       531      2.299           2.283           3.730           2.936           5.351           0.899
       532      2.200           2.184           3.627           2.834           4.056           0.399
       533      2.339           2.323           3.704           2.929           3.969           0.923
       534      2.131           2.113           3.630           2.821           4.632           0.898
       535      2.198           2.187           3.696           2.889           5.113           0.499
       536      2.238           2.220           3.707           2.915           5.521           1.582
       537      2.359           2.336           3.785           3.013           4.328           0.619
       538      2.240           2.216           3.721           2.900           5.201           0.614
       539      2.187           2.162           3.651           2.834           5.217           1.015
       540      2.093           2.065           3.595           2.785           4.152           0.455
       541      2.248           2.216           3.722           2.908           4.272           0.508
       542      2.300           2.261           3.808           2.976           4.016           0.842
       543      2.198           2.168           3.747           2.901           4.377           0.867
       544      2.215           2.179           3.722           2.897           4.190           0.827
       545      2.171           2.138           3.623           2.800           4.366           0.841
       546      2.272           2.253           3.769           2.944           4.090           1.009
       547      2.168           2.148           3.645           2.823           4.001           0.682
       548      2.224           2.211           3.619           2.849           4.276           1.018
       549      2.096           2.072           3.587           2.761           3.968           0.680
       550      2.144           2.126           3.563           2.748           4.308           0.781
       551      2.222           2.203           3.597           2.831           4.469           0.425
       552      2.175           2.158           3.679           2.857           4.281           0.810
       553      2.132           2.116           3.735           2.876           4.814           1.008
       554      2.215           2.195           3.744           2.913           4.173           0.625
       555      2.163           2.143           3.691           2.880           4.640           0.600
       556      2.220           2.204           3.695           2.891           4.218           0.907
       557      2.200           2.180           3.707           2.889           4.477           0.679
       558      2.346           2.314           3.815           3.005           4.594           0.915
       559      2.323           2.300           3.876           3.053           4.555           0.660
       560      2.286           2.264           3.767           2.966           4.144           0.630
       561      2.198           2.180           3.760           2.934           4.526           0.989
       562      2.302           2.291           3.812           2.990           4.236           1.028
       563      2.158           2.148           3.723           2.900           4.405           0.693
       564      2.342           2.328           3.872           3.071           4.345           0.854
       565      2.124           2.108           3.570           2.792           4.070           0.626
       566      2.158           2.158           3.644           2.842           4.426           0.681
       567      2.387           2.373           3.785           3.001           4.188           0.917
       568      2.362           2.341           3.771           2.986           4.588           0.669
       569      2.427           2.424           3.777           3.043           4.115           0.865
       570      2.356           2.343           3.759           2.988           4.477           0.912
       571      2.350           2.341           3.746           2.972           4.323           0.478
       572      2.469           2.460           3.832           3.107           4.577           0.595
       573      2.358           2.356           3.745           2.960           4.552           0.639
       574      2.280           2.274           3.697           2.903           4.777           0.637
       575      2.247           2.248           3.650           2.862           5.111           0.744
       576      2.453           2.435           3.668           2.954           4.983           0.768
       577      2.509           2.495           3.784           3.054           4.901           0.646
       578      2.401           2.388           3.714           2.976           4.586           0.264
       579      2.327           2.325           3.660           2.914           4.138           0.825
       580      2.316           2.304           3.726           2.943           4.549           0.887
       581      2.461           2.451           3.794           3.056           5.128           1.006
       582      2.254           2.242           3.688           2.883           4.911           0.777
       583      2.501           2.495           3.928           3.141           3.850           0.773
       584      2.424           2.419           3.813           3.032           4.526           0.836
       585      2.324           2.306           3.718           2.932           4.679           0.978
       586      2.490           2.480           3.864           3.095           4.648           0.941
       587      2.599           2.584           3.878           3.141           5.032           0.645
       588      2.291           2.284           3.725           2.919           4.953           1.184
       589      2.391           2.363           3.728           2.948           4.848           0.758
       590      2.515           2.495           3.922           3.136           4.962           0.689
       591      2.430           2.406           3.761           2.985           4.967           0.877
       592      2.384           2.356           3.821           3.010           4.869           0.766
       593      2.399           2.381           3.841           3.037           4.721           0.911
       594      2.492           2.469           3.895           3.090           4.609           0.592
       595      2.587           2.555           4.073           3.246           4.741           0.636
       596      2.428           2.413           3.886           3.080           4.934           0.626
       597      2.421           2.393           3.924           3.090           4.054           0.787
       598      2.492           2.454           3.891           3.074           4.792           0.546
       599      2.447           2.410           3.887           3.064           4.622           0.746
       600      2.473           2.461           3.888           3.111           4.669           0.836
       601      2.542           2.521           3.914           3.141           4.318           0.838
       602      2.528           2.505           3.944           3.154           4.863           0.538
       603      2.518           2.498           4.042           3.209           4.219           1.066
       604      2.558           2.540           4.071           3.252           4.340           0.819
       605      2.553           2.534           4.021           3.224           4.733           0.682
       606      2.608           2.592           3.998           3.229           4.774           0.914
       607      2.519           2.505           3.914           3.134           4.614           0.852
       608      2.327           2.295           3.756           2.953           5.058           0.855
       609      2.374           2.359           3.838           3.020           5.127           0.853
       610      2.429           2.410           3.838           3.044           4.305           0.800
       611      2.428           2.411           3.894           3.076           4.313           0.763
       612      2.506           2.500           3.905           3.141           4.064           0.667
       613      2.571           2.548           3.875           3.123           4.555           0.864
       614      2.590           2.559           3.946           3.166           4.589           0.633
       615      2.538           2.516           3.883           3.100           4.414           0.995
       616      2.641           2.620           3.964           3.186           4.913           0.713
       617      2.565           2.530           3.933           3.142           3.999           0.669
       618      2.474           2.446           3.887           3.086           3.911           0.953
       619      2.527           2.516           3.849           3.096           3.945           0.488
       620      2.523           2.510           3.916           3.125           3.892           0.557
       621      2.586           2.574           3.980           3.197           4.496           0.686
       622      2.562           2.559           4.084           3.268           4.061           0.616
       623      2.515           2.511           3.967           3.170           4.571           0.758
       624      2.442           2.431           3.931           3.121           4.216           0.534
       625      2.663           2.656           4.132           3.354           3.633           0.592
       626      2.611           2.619           4.007           3.244           3.866           0.989
       627      2.687           2.687           4.005           3.286           4.094           1.008
       628      2.607           2.608           3.880           3.149           4.283           0.596
       629      2.650           2.641           3.957           3.210           4.591           0.813
       630      2.443           2.434           3.740           2.995           4.545           0.717
       631      2.621           2.612           3.940           3.202           4.152           0.971
       632      2.604           2.587           3.851           3.118           3.975           0.712
       633      2.523           2.516           3.860           3.081           4.907           0.868
       634      2.383           2.377           3.738           2.965           4.904           0.852
       635      2.537           2.526           3.824           3.080           4.551           0.579
       636      2.363           2.361           3.729           2.982           4.837           0.735
       637      2.562           2.547           3.920           3.157           4.750           0.796
       638      2.556           2.547           3.992           3.192           4.565           0.794
       639      2.445           2.436           3.901           3.080           5.057           0.499
       640      2.478           2.461           3.875           3.083           4.260           0.777
       641      2.585           2.584           3.987           3.219           4.085           0.800
       642      2.571           2.565           4.116           3.303           3.843           0.700
       643      2.527           2.517           3.974           3.204           4.162           1.019
       644      2.631           2.627           4.033           3.256           4.503           0.996
       645      2.564           2.552           4.029           3.232           4.716           0.444
       646      2.562           2.555           4.063           3.260           4.640           0.700
       647      2.596           2.566           4.055           3.269           4.914           0.804
       648      2.493           2.476           3.928           3.149           4.433           0.759
       649      2.573           2.575           3.984           3.208           4.851           0.928
       650      2.638           2.629           4.107           3.303           4.372           0.575
       651      2.630           2.624           4.084           3.303           4.209           0.413
       652      2.705           2.684           4.214           3.411           4.439           0.819
       653      2.450           2.441           3.933           3.125           4.886           1.005
       654      2.441           2.428           3.942           3.127           4.725           0.826
       655      2.539           2.521           3.957           3.179           4.277           1.018
       656      2.489           2.466           3.910           3.128           4.398           0.972
       657      2.638           2.628           4.064           3.278           4.429           0.940
       658      2.485           2.464           3.955           3.142           4.614           0.996
       659      2.645           2.627           4.068           3.286           4.592           0.978
       660      2.520           2.502           3.985           3.182           4.604           0.912
       661      2.351           2.340           3.841           3.032           4.955           0.762
       662      2.479           2.465           3.887           3.114           4.526           0.911
       663      2.604           2.584           4.059           3.254           5.195           0.901
       664      2.670           2.662           4.092           3.305           5.688           0.715
       665      2.404           2.396           3.867           3.045           4.632           0.744
       666      2.580           2.569           4.053           3.234           4.589           0.804
       667      2.668           2.643           4.112           3.300           4.414           0.985
       668      2.654           2.631           4.080           3.288           5.334           0.600
       669      2.735           2.718           4.154           3.348           5.589           0.537
       670      2.610           2.586           3.979           3.200           4.998           0.904
       671      2.691           2.680           4.056           3.314           5.130           0.405
       672      2.685           2.667           4.122           3.330           5.298           0.675
       673      2.752           2.740           4.079           3.341           5.460           0.849
       674      2.710           2.688           4.113           3.321           5.334           0.619
       675      2.583           2.565           4.040           3.222           5.334           0.731
       676      2.763           2.747           4.182           3.383           5.805           0.984
       677      2.705           2.691           4.065           3.291           5.283           0.294
       678      2.613           2.596           3.995           3.209           5.409           0.659
       679      2.817           2.799           4.160           3.399           5.353           0.674
       680      2.611           2.595           3.981           3.211           4.888           0.564
       681      2.504           2.471           3.938           3.161           4.693           0.576
       682      2.482           2.455           3.901           3.130           4.394           0.828
       683      2.547           2.531           3.930           3.165           5.187           0.574
       684      2.549           2.520           3.944           3.165           4.693           0.767
       685      2.851           2.821           4.277           3.517           4.923           0.883
       686      2.580           2.549           4.043           3.246           4.471           0.818
       687      2.593           2.582           4.074           3.283           4.815           0.903
       688      2.368           2.347           3.835           3.019           4.666           0.727
       689      2.421           2.394           3.867           3.069           4.725           0.499
       690      2.411           2.402           3.862           3.062           5.044           0.597
       691      2.483           2.466           3.868           3.082           5.192           0.769
       692      2.371           2.353           3.782           2.993           4.583           0.851
       693      2.373           2.354           3.743           2.972           4.822           0.822
       694      2.436           2.407           3.919           3.085           4.475           0.915
       695      2.347           2.322           3.785           2.975           4.995           0.789
       696      2.389           2.366           3.928           3.068           5.306           0.641
       697      2.457           2.434           3.914           3.098           5.731           0.769
       698      2.442           2.426           3.832           3.035           5.061           0.774
       699      2.444           2.434           3.933           3.117           5.349           0.693
       700      2.396           2.384           3.873           3.041           4.884           0.656
       701      2.407           2.383           3.897           3.063           5.273           0.895
       702      2.500           2.474           3.955           3.152           5.139           0.486
       703      2.442           2.419           3.965           3.116           5.641           0.804
       704      2.547           2.524           3.987           3.173           4.575           0.943
       705      2.432           2.409           3.884           3.057           4.328           0.851
       706      2.508           2.493           3.889           3.103           4.520           0.728
       707      2.556           2.542           3.967           3.175           4.508           0.677
       708      2.583           2.567           3.866           3.124           4.523           0.548
       709      2.632           2.611           3.995           3.200           4.239           0.948
       710      2.550           2.531           3.947           3.136           4.748           1.308
       711      2.573           2.544           4.067           3.231           4.584           0.619
       712      2.570           2.534           4.041           3.209           4.649           0.926
       713      2.591           2.574           4.118           3.250           5.280           0.870
       714      2.430           2.416           3.935           3.087           4.546           0.763
       715      2.399           2.383           3.942           3.068           4.177           0.647
       716      2.374           2.355           3.872           3.024           4.632           0.951
       717      2.283           2.270           3.859           2.986           4.370           0.622
       718      2.385           2.375           3.853           3.031           4.578           0.548
       719      2.437           2.414           3.899           3.064           4.735           0.690
       720      2.484           2.474           3.908           3.084           4.728           0.647
       721      2.461           2.448           3.914           3.087           4.518           0.678
       722      2.542           2.529           3.870           3.106           4.538           0.600
       723      2.390           2.379           3.862           3.019           4.427           1.222
       724      2.418           2.403           3.890           3.050           4.491           0.816
       725      2.439           2.441           3.885           3.063           4.523           0.684
       726      2.537           2.520           3.931           3.131           4.650           0.731
       727      2.466           2.458           3.882           3.085           4.550           0.893
       728      2.457           2.459           3.855           3.064           5.109           1.105
       729      2.579           2.578           4.058           3.246           4.124           0.606
       730      2.457           2.445           3.806           3.029           5.193           0.708
       731      2.471           2.477           3.854           3.085           4.709           0.899
       732      2.462           2.459           3.784           3.057           5.237           1.567
       733      2.668           2.665           3.949           3.237           5.573           0.713
       734      2.583           2.578           3.923           3.177           4.039           0.602
       735      2.411           2.401           3.849           3.045           4.012           0.716
       736      2.479           2.480           3.898           3.102           4.961           0.784
       737      2.573           2.567           4.085           3.262           4.221           0.878
       738      2.588           2.575           4.071           3.262           4.562           0.735
       739      2.537           2.530           3.946           3.159           4.775           0.798
       740      2.651           2.647           4.122           3.335           4.736           0.543
       741      2.734           2.712           4.131           3.381           4.879           0.645
       742      2.667           2.657           4.047           3.277           5.130           0.933
       743      2.437           2.436           3.834           3.047           5.651           1.046
       744      2.423           2.431           3.866           3.061           5.581           1.517
       745      2.459           2.457           3.819           3.035           6.517           1.511
       746      2.547           2.547           3.949           3.158           6.694           1.597
       747      2.449           2.463           3.889           3.095           6.010           1.397
       748      2.425           2.433           3.792           3.027           5.491           1.344
       749      2.515           2.515           3.914           3.129           5.596           1.235
       750      2.527           2.527           3.877           3.112           5.450           0.953
       751      2.630           2.613           3.989           3.224           5.932           1.574
       752      2.674           2.657           4.013           3.262           4.494           0.843
       753      2.785           2.763           4.071           3.343           4.463           0.752
       754      2.807           2.799           4.109           3.358           5.116           1.006
       755      2.753           2.750           3.985           3.270           4.115           0.850
       756      2.697           2.682           4.005           3.264           4.744           0.933
       757      2.682           2.680           4.050           3.288           4.665           0.821
       758      2.726           2.713           4.063           3.306           4.422           1.021
       759      2.691           2.687           3.905           3.201           4.223           0.722
       760      2.647           2.622           4.060           3.288           4.026           0.681
       761      2.635           2.605           4.043           3.248           3.831           0.867
       762      2.612           2.581           3.971           3.186           3.706           0.758
       763      2.740           2.708           4.095           3.339           3.629           0.778
       764      2.697           2.656           4.106           3.316           4.294           0.838
       765      2.624           2.592           4.018           3.231           4.304           0.614
       766      2.716           2.680           4.174           3.366           4.749           0.680
       767      2.821           2.786           4.257           3.485           4.136           0.506
       768      2.774           2.748           4.224           3.444           4.089           0.951
       769      2.671           2.637           4.063           3.299           4.001           0.512
       770      2.552           2.526           3.997           3.205           3.535           0.564
       771      2.670           2.655           4.012           3.262           3.556           0.708
       772      2.555           2.534           3.978           3.197           3.598           0.403
       773      2.560           2.538           4.111           3.282           3.539           0.617
       774      2.640           2.626           4.100           3.322           3.826           0.581
       775      2.706           2.680           4.207           3.411           3.344           0.899
       776      2.784           2.756           4.216           3.452           4.383           0.648
       777      2.752           2.710           4.247           3.450           4.444           0.743
       778      2.508           2.495           3.924           3.161           3.579           1.185
       779      2.686           2.672           4.071           3.322           4.061           0.839
       780      2.585           2.568           4.066           3.268           3.814           0.790
       781      2.449           2.447           3.909           3.104           4.059           0.907
       782      2.523           2.501           4.039           3.206           3.662           0.790
       783      2.478           2.463           3.847           3.064           3.622           0.906
       784      2.481           2.470           3.908           3.101           3.770           0.745
       785      2.466           2.444           3.923           3.119           3.208           0.907
       786      2.388           2.372           3.767           2.973           3.607           0.794
       787      2.625           2.603           3.986           3.221           3.907           1.000
       788      2.552           2.539           3.983           3.191           4.094           0.875
       789      2.551           2.527           3.987           3.198           3.770           0.984
       790      2.597           2.580           4.028           3.226           4.221           0.564
       791      2.611           2.599           4.022           3.223           4.648           0.601
       792      2.604           2.581           4.046           3.222           3.655           0.839
       793      2.558           2.545           3.978           3.181           3.732           0.784
       794      2.577           2.560           3.943           3.184           3.284           0.918
       795      2.556           2.533           3.996           3.207           4.060           0.552
       796      2.495           2.468           3.932           3.145           3.644           0.497
       797      2.559           2.531           4.059           3.250           3.882           0.699
       798      2.420           2.396           3.915           3.086           4.449           0.963
       799      2.373           2.357           3.822           3.018           3.558           0.771
       800      2.524           2.508           3.975           3.154           3.834           0.564
       801      2.366           2.363           3.806           3.006           4.147           0.414
       802      2.520           2.519           3.810           3.075           3.693           0.999
       803      2.428           2.413           3.777           3.025           3.848           0.495
       804      2.490           2.485           3.840           3.080           3.350           1.042
       805      2.455           2.447           3.767           3.020           3.667           0.800
       806      2.593           2.592           3.827           3.117           3.415           0.651
       807      2.614           2.583           3.949           3.180           3.428           0.749
       808      2.587           2.564           3.962           3.166           3.754           0.643
       809      2.618           2.595           3.955           3.191           3.860           1.047
       810      2.667           2.637           4.005           3.223           3.391           0.788
       811      2.688           2.664           4.136           3.323           3.944           0.816
       812      2.586           2.563           4.043           3.239           3.705           0.966
       813      2.633           2.608           4.106           3.289           3.542           0.718
       814      2.655           2.630           3.978           3.217           3.662           0.938
       815      2.668           2.649           4.030           3.259           3.296           0.754
       816      2.572           2.563           3.996           3.217           3.512           0.466
       817      2.886           2.864           4.276           3.507           3.473           1.031
       818      2.869           2.833           4.209           3.472           3.536           0.986
       819      2.646           2.622           4.082           3.280           3.560           1.099
       820      2.665           2.617           3.935           3.186           4.126           0.902
       821      2.637           2.625           3.928           3.204           4.312           0.859
       822      2.797           2.768           4.125           3.381           4.224           0.426
       823      2.739           2.716           3.923           3.229           4.134           0.472
       824      2.639           2.627           4.049           3.267           3.919           0.390
       825      2.712           2.686           3.976           3.257           4.174           0.675
       826      2.718           2.719           4.025           3.293           4.479           0.679
       827      2.629           2.629           3.950           3.219           4.315           0.705
       828      2.596           2.591           3.912           3.176           3.983           0.811
       829      2.629           2.629           3.983           3.237           4.190           0.971
       830      2.659           2.655           3.971           3.234           4.372           0.510
       831      2.658           2.651           3.977           3.239           5.256           0.868
       832      2.704           2.695           4.125           3.362           4.389           1.150
       833      2.672           2.662           3.965           3.242           4.239           0.829
       834      2.702           2.699           3.947           3.243           4.159           0.950
       835      2.536           2.522           3.938           3.161           4.223           0.905
       836      2.696           2.687           3.950           3.249           3.948           0.664
       837      2.704           2.707           3.974           3.280           4.814           0.748
       838      2.701           2.665           3.914           3.216           4.109           0.806
       839      2.619           2.613           3.851           3.168           4.107           0.960
       840      2.569           2.550           3.878           3.150           3.758           0.981
       841      2.613           2.608           4.012           3.246           3.665           0.764
       842      2.636           2.619           4.084           3.324           3.611           0.883
       843      2.596           2.592           3.925           3.195           3.958           0.865
       844      2.637           2.625           3.930           3.226           3.855           0.679
       845      2.540           2.514           3.874           3.136           4.222           1.025
       846      2.525           2.512           3.869           3.132           4.093           0.779
       847      2.531           2.515           3.832           3.098           3.866           0.605
       848      2.643           2.616           3.903           3.190           4.007           0.617
       849      2.723           2.716           3.962           3.251           3.682           0.352
       850      2.642           2.629           4.035           3.266           3.875           0.774
       851      2.668           2.661           4.001           3.244           3.821           0.730
       852      2.642           2.633           4.002           3.247           3.670           0.513
       853      2.722           2.719           3.973           3.288           3.686           0.900
       854      2.667           2.663           3.950           3.241           3.993           0.674
       855      2.663           2.647           3.949           3.241           4.012           0.798
       856      2.636           2.637           3.989           3.224           4.652           0.760
       857      2.870           2.857           4.086           3.383           4.137           0.533
       858      2.729           2.733           4.024           3.285           3.616           0.747
       859      2.796           2.795           4.234           3.450           4.082           0.930
       860      2.620           2.609           3.907           3.179           4.355           0.865
       861      2.664           2.654           3.943           3.218           4.133           1.036
       862      2.551           2.542           3.874           3.127           4.274           1.088
       863      2.619           2.603           3.953           3.197           4.090           0.731
       864      2.668           2.665           3.938           3.213           4.453           0.865
       865      2.735           2.710           4.028           3.308           4.039           0.790
       866      2.812           2.783           4.162           3.415           3.872           0.599
       867      2.735           2.710           4.058           3.303           4.336           0.865
       868      2.644           2.617           3.999           3.237           3.897           0.621
       869      2.722           2.710           4.074           3.317           3.662           0.964
       870      2.638           2.633           3.870           3.146           3.447           0.779
       871      2.558           2.534           3.852           3.108           3.929           0.864
       872      2.634           2.614           3.971           3.206           3.666           0.765
       873      2.681           2.657           4.026           3.249           3.802           0.884
       874      2.641           2.628           3.928           3.186           3.359           0.628
       875      2.809           2.793           4.025           3.336           3.566           0.607
       876      2.736           2.720           3.937           3.226           3.860           0.952
       877      2.768           2.761           4.046           3.315           3.554           0.992
       878      2.684           2.666           3.975           3.244           3.531           0.853
       879      2.765           2.754           3.960           3.268           4.169           0.716
       880      2.736           2.726           4.013           3.306           4.323           0.740
       881      2.721           2.722           3.951           3.265           4.080           0.879
       882      2.658           2.645           3.882           3.200           3.976           1.018
       883      3.046           3.025           4.268           3.624           4.568           0.976
       884      2.876           2.860           4.141           3.455           4.536           0.707
       885      2.912           2.880           4.152           3.462           4.033           0.721
       886      2.770           2.747           3.985           3.274           4.131           0.971
       887      2.760           2.740           3.981           3.280           4.155           0.945
       888      2.822           2.807           4.142           3.432           4.313           0.773
       889      2.937           2.901           4.196           3.493           3.961           0.603
       890      2.800           2.776           4.222           3.476           4.299           1.530
       891      2.965           2.927           4.251           3.556           4.176           0.853
       892      2.964           2.926           4.330           3.620           4.279           0.892
       893      2.880           2.854           4.243           3.509           4.111           0.704
       894      2.915           2.882           4.284           3.555           3.977           0.611
       895      2.884           2.854           4.163           3.480           4.474           0.489
       896      2.829           2.819           4.189           3.468           4.447           0.574
       897      2.848           2.839           4.191           3.458           4.645           0.956
       898      2.781           2.767           4.127           3.394           4.253           0.722
       899      2.872           2.867           4.211           3.485           4.493           0.986
       900      2.888           2.876           4.234           3.526           4.551           0.748
       901      2.971           2.975           4.163           3.518           4.146           0.791
       902      2.909           2.890           4.167           3.472           3.992           0.966
       903      2.867           2.856           4.155           3.457           4.005           0.702
       904      2.898           2.884           4.188           3.471           4.036           0.723
       905      2.840           2.817           4.097           3.377           4.127           0.947
       906      2.915           2.899           4.275           3.536           4.043           0.887
       907      3.030           3.008           4.376           3.664           3.883           0.842
       908      2.921           2.903           4.255           3.506           4.210           0.966
       909      3.070           3.041           4.415           3.662           4.310           0.780
       910      3.057           3.018           4.353           3.599           4.567           0.916
       911      3.196           3.175           4.538           3.791           4.651           0.762
       912      3.086           3.062           4.483           3.722           4.238           0.886
       913      3.095           3.068           4.535           3.758           4.400           0.437
       914      3.093           3.069           4.515           3.733           4.045           0.837
       915      2.964           2.939           4.333           3.584           4.124           0.829
       916      2.924           2.907           4.347           3.569           4.076           0.602
       917      2.946           2.932           4.351           3.597           3.894           0.958
       918      2.956           2.937           4.308           3.567           3.853           0.717
       919      2.952           2.928           4.357           3.581           4.358           0.545
       920      2.991           2.973           4.334           3.579           4.017           0.689
       921      3.095           3.074           4.350           3.648           4.699           0.678
       922      3.103           3.086           4.318           3.652           3.947           0.963
       923      3.041           3.028           4.411           3.677           4.193           0.666
       924      3.133           3.126           4.423           3.717           3.963           0.887
       925      2.970           2.966           4.254           3.553           3.770           0.614
       926      3.004           2.986           4.339           3.611           3.691           1.013
       927      3.046           3.036           4.344           3.623           4.038           0.997
       928      2.953           2.950           4.267           3.536           4.330           0.815
       929      3.015           2.999           4.310           3.598           4.175           0.555
       930      2.923           2.923           4.270           3.529           4.740           0.878
       931      2.891           2.881           4.245           3.499           4.200           0.905
       932      2.961           2.955           4.303           3.570           3.888           0.540
       933      2.971           2.954           4.255           3.548           4.326           0.962
       934      2.987           2.977           4.282           3.558           4.548           0.633
       935      2.964           2.944           4.290           3.558           4.202           0.871
       936      2.966           2.945           4.304           3.565           4.294           0.687
       937      2.855           2.842           4.158           3.445           4.194           0.927
       938      2.993           2.982           4.240           3.539           3.757           0.664
       939      2.982           2.968           4.243           3.532           4.029           0.689
       940      2.910           2.897           4.201           3.464           4.484           0.631
       941      3.056           3.032           4.274           3.581           4.404           0.804
       942      2.909           2.902           4.214           3.510           4.176           0.918
       943      2.762           2.757           4.056           3.337           4.512           0.351
       944      2.870           2.857           4.271           3.517           4.237           0.796
       945      2.796           2.789           4.239           3.460           4.894           0.723
       946      2.812           2.809           4.223           3.459           4.222           0.711
       947      2.725           2.704           4.137           3.339           3.681           0.981
       948      2.689           2.691           4.121           3.329           3.894           0.689
       949      2.768           2.766           4.255           3.437           4.497           0.522
       950      2.870           2.866           4.306           3.522           4.082           0.472
       951      2.811           2.797           4.294           3.501           3.918           0.593
       952      2.846           2.817           4.287           3.501           4.090           0.813
       953      2.851           2.821           4.316           3.518           3.892           0.930
       954      2.865           2.842           4.229           3.485           3.734           0.429
       955      2.807           2.782           4.162           3.407           4.442           0.289
       956      2.848           2.830           4.274           3.510           3.907           0.695
       957      2.809           2.783           4.264           3.487           3.816           0.952
       958      2.764           2.724           4.192           3.417           4.018           0.647
       959      2.932           2.907           4.356           3.603           5.037           0.667
       960      2.958           2.915           4.313           3.574           4.224           0.747
       961      2.874           2.831           4.223           3.456           4.289           0.549
       962      3.002           2.964           4.347           3.629           3.588           0.841
       963      3.080           3.039           4.561           3.809           3.948           0.508
       964      3.011           2.975           4.357           3.633           3.357           0.868
       965      3.144           3.117           4.527           3.796           3.736           0.605
       966      2.840           2.820           4.286           3.524           3.807           0.733
       967      2.866           2.831           4.323           3.549           3.585           0.749
       968      2.848           2.808           4.247           3.480           3.973           0.655
       969      2.810           2.786           4.218           3.477           3.858           0.648
       970      2.772           2.744           4.118           3.392           3.711           0.840
       971      2.716           2.689           4.077           3.319           4.264           0.369
       972      2.611           2.579           4.058           3.264           4.256           0.607
       973      2.790           2.752           4.151           3.408           4.505           0.849
       974      2.825           2.796           4.193           3.459           4.076           0.309
       975      2.763           2.723           4.089           3.355           5.029           0.992
       976      2.713           2.687           4.067           3.325           3.946           0.744
       977      2.870           2.850           4.227           3.488           4.295           0.778
       978      2.825           2.794           4.172           3.427           4.411           0.608
       979      2.894           2.871           4.347           3.577           3.777           0.526
       980      2.735           2.703           4.244           3.436           4.005           0.487
       981      2.882           2.849           4.296           3.539           3.643           0.704
       982      2.866           2.819           4.258           3.493           3.595           0.884
       983      2.830           2.795           4.230           3.453           4.408           1.007
       984      2.866           2.818           4.255           3.494           3.902           0.646
       985      2.841           2.808           4.220           3.466           3.763           0.946
       986      2.943           2.910           4.365           3.613           3.743           0.568
       987      2.857           2.828           4.219           3.474           3.723           0.614
       988      2.834           2.804           4.233           3.475           3.753           0.518
       989      2.754           2.720           4.101           3.357           4.384           0.777
       990      2.764           2.735           4.127           3.387           4.239           0.825
       991      2.794           2.773           4.225           3.476           3.691           0.532
       992      2.809           2.782           4.202           3.453           4.121           0.796
       993      2.730           2.697           4.111           3.373           3.338           0.656
       994      2.808           2.773           4.168           3.435           3.914           1.027
       995      2.732           2.698           4.120           3.350           4.012           0.728
       996      2.808           2.788           4.223           3.461           3.700           0.767
       997      2.756           2.731           4.158           3.385           3.940           0.904
       998      2.764           2.725           4.159           3.392           4.269           0.878
       999      2.764           2.735           4.169           3.428           3.780           0.813
      1000      2.706           2.675           4.134           3.361           4.517           0.628
